country,pearson_r_school_gdp,p_value,n
Lao PDR,0.8467104004220287,9.527448530591537e-08,25
Lebanon,0.6521910547679897,0.0004111576512666094,25
Togo,0.6500795194056672,0.00043555475642636105,25
Andorra,0.6052135789640747,0.0013487239136112882,25
Solomon Islands,0.5573853790023071,0.00379605764990287,25
Bulgaria,0.508114630290848,0.009507211610969723,25
China,0.48957462116833234,0.012992743214304154,25
Cote d'Ivoire,0.47323825647513573,0.016879868701593862,25
Mongolia,0.4723015431719538,0.017128818620322235,25
Guinea,0.4643999064420354,0.01935065242309751,25
Senegal,0.45706197172740926,0.021619006834138015,25
Lesotho,0.4417429805963127,0.02705131631641996,25
Croatia,0.4364263632826929,0.029175028860795274,25
Kazakhstan,0.4348839777041035,0.029815538869635297,25
Rwanda,0.43421238533221185,0.030097932024307408,25
Indonesia,0.40070529767168683,0.04714156105551755,25
Zambia,0.3958364236308324,0.05014736557075327,25
Kuwait,0.392535722193161,0.05226881788208759,25
Uganda,0.3804363233457799,0.0606493379796079,25
Estonia,0.3801399464344348,0.060866910863852874,25
Cuba,0.37603585005106144,0.0639421638757594,25
Mauritius,0.37547492112691283,0.06437160266805522,25
Sao Tome and Principe,0.3714860462065329,0.06748977001076989,25
Turks and Caicos Islands,0.355815135526176,0.08087327100342723,25
Burundi,0.35116020006995924,0.08521178874998338,25
Belarus,0.3452940862436005,0.09092634517745107,25
Turkmenistan,0.3452668370218758,0.09095354426935016,25
Panama,0.3442671145053613,0.09195565233920663,25
Ukraine,0.33622296569243,0.10032243506757269,25
San Marino,0.3334589865477142,0.1033240286538317,25
Cambodia,0.33186556871218753,0.10508440980610148,25
Bosnia and Herzegovina,0.3253103261503969,0.11256062102892407,25
Serbia,0.32358743114855204,0.11458889277576403,25
India,0.31598141747417996,0.12386447066001215,25
Ecuador,0.3074584469981264,0.13489443382512772,25
Russian Federation,0.305662933496755,0.13730558439539742,25
Tunisia,0.29656886465618776,0.14999512901473297,25
Latvia,0.28584304950043843,0.16600784824656478,25
Papua New Guinea,0.28331317919975557,0.16995309057890387,25
Lithuania,0.2831443056585509,0.17021875624084193,25
St. Vincent and the Grenadines,0.28277219469727866,0.17080517185622793,25
Ethiopia,0.2730713309569322,0.1865939177403758,25
Czechia,0.2726917370239064,0.18723149430929834,25
Spain,0.27053153203487,0.1908884061896998,25
"Gambia, The",0.2678922396928278,0.19542252203118013,25
South Sudan,0.25659161789438656,0.21566679657809623,25
Uruguay,0.2529398986773225,0.2224990868041779,25
Chile,0.24868903505618725,0.23063259637592542,25
Comoros,0.24701676750585,0.2338856092021209,25
Syrian Arab Republic,0.2422229965357673,0.2433782725443554,25
Cabo Verde,0.23913149487764124,0.24963215818976822,25
Niger,0.22877209065589638,0.2713463692242039,25
Viet Nam,0.22185391734389934,0.28649929015672204,25
Slovak Republic,0.2136980856989182,0.3050340274146521,25
Singapore,0.20867843533506472,0.3168019525469966,25
Seychelles,0.20668579696167988,0.32154939949320277,25
Cameroon,0.2036685952161973,0.3288198526505278,25
Algeria,0.2012210889200002,0.3347899320429979,25
St. Lucia,0.1964281218224683,0.3466684285224636,25
Poland,0.19476239414449187,0.35085449449348005,25
Saudi Arabia,0.18860659340024563,0.3665819474126878,25
Mauritania,0.1855142489997384,0.3746347682069972,25
Liechtenstein,0.18457360120223082,0.37710440236251935,25
Montenegro,0.18444848808313408,0.3774335860455415,25
Guinea-Bissau,0.18422140834796036,0.37803147487701455,25
Sri Lanka,0.18072999263212497,0.387292523748505,25
Colombia,0.179272994501874,0.3911950654734135,25
Australia,0.1778735279745059,0.39496439411637324,25
Ghana,0.17596821776065452,0.40012894997670506,25
Kenya,0.17262753892321356,0.40927503918185176,25
Argentina,0.17227008622885523,0.4102604909587422,25
Nauru,0.16392289236053437,0.4336437894254151,25
Honduras,0.16248245065758074,0.43775031721797336,25
"Congo, Rep.",0.16034978761302676,0.443868423488486,25
Eswatini,0.156852510582283,0.45399911534753784,25
Nigeria,0.13767597585311578,0.5116479609762289,25
Nicaragua,0.13051090979665203,0.5340635795098777,25
"Egypt, Arab Rep.",0.12486449111409653,0.552047663762336,25
Madagascar,0.1228354177365331,0.5585773620903248,25
Turkiye,0.11858982451982211,0.5723520518995207,25
Philippines,0.11829946425823563,0.573299586095349,25
Austria,0.11731989551560724,0.5765013266654113,25
Tanzania,0.09799662679753722,0.6411995545282753,25
"Somalia, Fed. Rep.",0.08292506918110808,0.6935234560715933,25
Malaysia,0.0812051745637316,0.699587621807075,25
"Congo, Dem. Rep.",0.07582712926749122,0.7186642040384464,25
North Macedonia,0.07296903511836275,0.7288700274159489,25
Afghanistan,0.07252404830955823,0.730463100065313,25
Switzerland,0.07200842630866443,0.7323104073857118,25
Myanmar,0.07035067595557043,0.7382593597214306,25
Angola,0.06775836386879511,0.7475913202202827,25
Georgia,0.06625216699691616,0.7530294084809476,25
Gabon,0.06568552506084323,0.7550782348325873,25
Haiti,0.06554026889411947,0.7556037020533605,25
Slovenia,0.06422446776765768,0.7603684208945389,25
Armenia,0.059845711588806486,0.776284869165006,25
Netherlands,0.054984726294478904,0.7940571647137649,25
Kyrgyz Republic,0.053620789114837406,0.7990622554323502,25
Belgium,0.05347644461565333,0.7995923952968121,25
Peru,0.05091761501479271,0.8090044145921134,25
Puerto Rico (US),0.05071855417487779,0.8097377102621907,25
Sint Maarten (Dutch part),0.03903578956866297,0.8530276932672102,25
Romania,0.03395226013359038,0.8720018895154591,25
Liberia,0.029587643995202566,0.8883481666133414,25
Sierra Leone,0.0294973259256782,0.8886869155323668,25
Germany,0.020562279211988718,0.9222834090252775,25
Norway,0.01708156322906962,0.9354094307339086,25
Grenada,0.0167969933828395,0.9364833337524496,25
Nepal,0.016724208540019825,0.9367580248767694,25
Malta,0.015327109960107603,0.9420320221737147,25
Libya,0.013976697265047421,0.9471320393075605,25
Tajikistan,0.009584863402225549,0.9637313685242419,25
"Venezuela, RB",0.0041309050460498365,0.9843647746311047,25
Portugal,0.002857820194438424,0.9891829868462001,25
Sweden,0.0021531070473749525,0.9918502657551612,25
Guatemala,9.936599738447202e-05,0.9996238832694132,25
Italy,-0.0003374086378596057,0.998722852978852,25
Maldives,-0.0009431829815459786,0.9964299074489138,25
Oman,-0.016708187217418465,0.9368184905407241,25
"Macao SAR, China",-0.017007412336288528,0.9356892491460661,25
Albania,-0.018213308701195103,0.9311395792140119,25
Burkina Faso,-0.0203147710798635,0.9232161671066949,25
"Iran, Islamic Rep.",-0.020677162814152203,0.9218504929916601,25
Mexico,-0.02162833118045824,0.9182670449639084,25
Iceland,-0.021663814256298847,0.9181333949565093,25
Hungary,-0.02228161913821552,0.9158067296293976,25
Botswana,-0.025147815315906603,0.9050216729465193,25
Antigua and Barbuda,-0.0271864325831394,0.8973604947939354,25
Brunei Darussalam,-0.02948110464113157,0.8887477574465757,25
Bolivia,-0.03100853520260628,0.8830214821165011,25
United Arab Emirates,-0.03252280201750129,0.877350181067465,25
Marshall Islands,-0.037310823358450505,0.8594577461401798,25
Fiji,-0.038046801585428905,0.8567131963944872,25
Bahrain,-0.04593305749125152,0.8274119823833269,25
"Micronesia, Fed. Sts.",-0.04773482647272797,0.8207474509848196,25
Finland,-0.050363304491203215,0.8110467577143168,25
Monaco,-0.05635911078148911,0.7890217283454125,25
Benin,-0.06223844149917515,0.7675761704331343,25
Suriname,-0.06718082217624685,0.7496751512486,25
Eritrea,-0.06725491575591576,0.7494077181472117,25
Denmark,-0.07229435959529301,0.73128582114591,25
Costa Rica,-0.07257035620128285,0.730297265027301,25
New Zealand,-0.07861592623713107,0.7087507463872272,25
Canada,-0.08465703368777905,0.6874351873830656,25
Bhutan,-0.08672069706817222,0.680205559419009,25
France,-0.09519546764734084,0.650808398494749,25
Greece,-0.098746372141085,0.6386371022716363,25
Equatorial Guinea,-0.10145487790654417,0.6294137423151127,25
El Salvador,-0.10520948207735535,0.6167169987210906,25
Bangladesh,-0.10626068185509926,0.6131810882129612,25
"Yemen, Rep.",-0.10827354057063343,0.606433893095905,25
Cayman Islands,-0.10985056777847278,0.6011693825671947,25
Tuvalu,-0.12721999337033477,0.5445116667169817,25
Paraguay,-0.13235389788494165,0.528253995998977,25
"Korea, Rep.",-0.1330179128472406,0.5261682348221896,25
Curacao,-0.14849128121924277,0.4787045191536756,25
Dominica,-0.1559909254531973,0.4565134323048981,25
Belize,-0.15646307329061448,0.45513468554028175,25
Tonga,-0.15875730424233872,0.4484664162467337,25
Palau,-0.16053332917744198,0.44334010177466376,25
Jordan,-0.16429359350776496,0.43259033791677826,25
Japan,-0.16941518383406848,0.41817816147377607,25
United Kingdom,-0.1798417489732768,0.3896690246390051,25
Barbados,-0.18593573065779545,0.37353121858963856,25
Jamaica,-0.18807089625268097,0.36796970123519546,25
Vanuatu,-0.19101974104934977,0.360368400354904,25
United States,-0.191952437999372,0.3579834557492981,25
St. Kitts and Nevis,-0.19440670937783391,0.351752206521369,25
Aruba,-0.19860104123353334,0.34125257830208106,25
Guyana,-0.20252039683668369,0.3316125292883904,25
Dominican Republic,-0.20596591939891143,0.3232751006655314,25
Bermuda,-0.2083586738917895,0.3175608770930989,25
Luxembourg,-0.20896639485699875,0.3161194577552923,25
Samoa,-0.21809106395609376,0.294960481694935,25
Israel,-0.2257456174040246,0.27791098120011554,25
Timor-Leste,-0.2303410672853945,0.2679825029272691,25
Central African Republic,-0.2351019278404864,0.2579395798980394,25
Iraq,-0.24270012385712147,0.24242231334617645,25
Mozambique,-0.25120940832587363,0.2257867202887901,25
Morocco,-0.2560297523693108,0.2167087481876087,25
Chad,-0.2609260652128603,0.20774191077123905,25
"Hong Kong SAR, China",-0.2634423047975714,0.20323291123052625,25
Zimbabwe,-0.26573491636868757,0.1991829369959015,25
Moldova,-0.2696042585026799,0.19247308645371936,25
Qatar,-0.28140012483032817,0.1729796334681348,25
Mali,-0.28775205137974813,0.16307368461416502,25
Malawi,-0.2965387932231217,0.1500384266251915,25
"Bahamas, The",-0.3230824677638398,0.11518841037845695,25
Thailand,-0.32731296293230383,0.11023634469083396,25
South Africa,-0.32928514496953837,0.10798216693207878,25
Cyprus,-0.34349404345637424,0.09273622290882919,25
Kiribati,-0.35386517177597077,0.08266984813530194,25
Namibia,-0.4216097231535001,0.03580637057624694,25
Pakistan,-0.4335968143260284,0.03035864786143661,25
Uzbekistan,-0.4389103672798059,0.028166739325436244,25
Ireland,-0.44860290334464875,0.02449685230112271,25
Trinidad and Tobago,-0.49762222858929894,0.01136879707443321,25
Sudan,-0.514709929238538,0.008472390526819203,25
West Bank and Gaza,-0.5421062055678418,0.005120839949134383,25
Azerbaijan,-0.542514384804691,0.005080961628277298,25
Brazil,-0.5813974707959014,0.002302626179662679,25
American Samoa,,,25
British Virgin Islands,,,25
Channel Islands,,,25
Djibouti,,,25
Faroe Islands,,,25
French Polynesia,,,25
Gibraltar,,,25
Greenland,,,25
Guam,,,25
Isle of Man,,,25
"Korea, Dem. People's Rep.",,,25
Kosovo,,,25
New Caledonia,,,25
Northern Mariana Islands,,,25
St. Martin (French part),,,25
Virgin Islands (U.S.),,,25
